Workbook

Sheet danh-muc-linh-kien
A1: ma_linh_kien | B1: ten_thiet_bi | C1: don_gia | D1: loai_storage | F1: Ghi chú
A2: CPU-INTEL-01 | B2: CPU Intel Core i5 | C2: 1500000 | D2: Không | F2: ma_linh_kien = Khóa chính (duy nhất, không trùng).
A3: CPU-AMD-01 | B3: CPU AMD Ryzen 5 | C3: 1600000 | D3: Không | F3: Chữ xanh dương = dữ liệu nhập tay.
A4: RAM-16G-01 | B4: RAM 16GB DDR4 | C4: 450000 | D4: Không
A5: RAM-32G-01 | B5: RAM 32GB DDR4 | C5: 850000 | D5: Không
A6: SSD-500G-01 | B6: SSD 500GB NVMe | C6: 600000 | D6: SSD
A7: HDD-2TB-01 | B7: HDD 2TB SATA | C7: 550000 | D7: HDD

Sheet trang-thai-tram
A1: ma_tram | B1: ma_linh_kien | C1: dung_luong_ram | D1: ngay_lap_dat | E1: ten_thiet_bi | G1: Ghi chú
A2: tram-01 | B2: CPU-AMD-01 | C2: 4GB | D2: 46070 | E2: =VLOOKUP(TRIM(B2),'danh-muc-linh-kien'!$A$2:$D$100,2,FALSE()) -> CPU AMD Ryzen 5 | G2: ma_linh_kien = Khóa ngoại → danh-muc-linh-kien.ma_linh_kien.
A3: tram-02 | B3: HDD-2TB-01 | C3: 2GB | D3: 46050 | E3: =VLOOKUP(TRIM(B3),'danh-muc-linh-kien'!$A$2:$D$100,2,FALSE()) -> HDD 2TB SATA | G3: ten_thiet_bi (cột E) là công thức VLOOKUP + TRIM, không nhập tay.
A4: tram-03 | B4: HDD-2TB-01 | C4: 2GB | D4: 46031 | E4: =VLOOKUP(TRIM(B4),'danh-muc-linh-kien'!$A$2:$D$100,2,FALSE()) -> HDD 2TB SATA | G4: Dữ liệu mẫu 100 trạm do Tấn Khiêm dựng; Bảo thay/bổ sung dữ liệu thật và dữ liệu bẩn để test.
A5: tram-04 | B5: CPU-AMD-01 | C5: 4GB | D5: 46069 | E5: =VLOOKUP(TRIM(B5),'danh-muc-linh-kien'!$A$2:$D$100,2,FALSE()) -> CPU AMD Ryzen 5 | G5: Không chèn hàng trống / Merge Cell trong vùng A1:E101.
A6: tram-05 | B6: RAM-16G-01 | C6: 4GB | D6: 46063 | E6: =VLOOKUP(TRIM(B6),'danh-muc-linh-kien'!$A$2:$D$100,2,FALSE()) -> RAM 16GB DDR4
A7: tram-06 | B7: HDD-2TB-01 | C7: 4GB | D7: 46070 | E7: =VLOOKUP(TRIM(B7),'danh-muc-linh-kien'!$A$2:$D$100,2,FALSE()) -> HDD 2TB SATA
A8: tram-07 | B8: SSD-500G-01 | C8: 4GB | D8: 46073 | E8: =VLOOKUP(TRIM(B8),'danh-muc-linh-kien'!$A$2:$D$100,2,FALSE()) -> SSD 500GB NVMe
A9: tram-08 | B9: HDD-2TB-01 | C9: 4GB | D9: 46032 | E9: =VLOOKUP(TRIM(B9),'danh-muc-linh-kien'!$A$2:$D$100,2,FALSE()) -> HDD 2TB SATA
A10: tram-09 | B10: HDD-2TB-01 | C10: 16GB | D10: 46061 | E10: =VLOOKUP(TRIM(B10),'danh-muc-linh-kien'!$A$2:$D$100,2,FALSE()) -> HDD 2TB SATA
A11: tram-10 | B11: RAM-32G-01 | C11: 2GB | D11: 46046 | E11: =VLOOKUP(TRIM(B11),'danh-muc-linh-kien'!$A$2:$D$100,2,FALSE()) -> RAM 32GB DDR4
A12: tram-11 | B12: CPU-INTEL-01 | C12: 2GB | D12: 46024 | E12: =VLOOKUP(TRIM(B12),'danh-muc-linh-kien'!$A$2:$D$100,2,FALSE()) -> CPU Intel Core i5
A13: tram-12 | B13: SSD-500G-01 | C13: 2GB | D13: 46055 | E13: =VLOOKUP(TRIM(B13),'danh-muc-linh-kien'!$A$2:$D$100,2,FALSE()) -> SSD 500GB NVMe
A14: tram-13 | B14: RAM-16G-01 | C14: 8GB | D14: 46052 | E14: =VLOOKUP(TRIM(B14),'danh-muc-linh-kien'!$A$2:$D$100,2,FALSE()) -> RAM 16GB DDR4
A15: tram-14 | B15: CPU-AMD-01 | C15: 16GB | D15: 46075 | E15: =VLOOKUP(TRIM(B15),'danh-muc-linh-kien'!$A$2:$D$100,2,FALSE()) -> CPU AMD Ryzen 5
A16: tram-15 | B16: HDD-2TB-01 | C16: 2GB | D16: 46050 | E16: =VLOOKUP(TRIM(B16),'danh-muc-linh-kien'!$A$2:$D$100,2,FALSE()) -> HDD 2TB SATA
A17: tram-16 | B17: CPU-INTEL-01 | C17: 4GB | D17: 46079 | E17: =VLOOKUP(TRIM(B17),'danh-muc-linh-kien'!$A$2:$D$100,2,FALSE()) -> CPU Intel Core i5
... A101: tram-100 | B101: RAM-16G-01 | C101: 2GB | D101: 46036 | E101: =VLOOKUP(TRIM(B101),'danh-muc-linh-kien'!$A$2:$D$100,2,FALSE()) -> RAM 16GB DDR4
